SYMBOL,NAME,ISIN,KIND,YAHOO
BIRET,Brookfield India Real Estate Trust,INE0FDU25010,REIT,BIRET.BO
MINDSPACE,Mindspace Business Parks REIT,INE0CCU25019,REIT,MINDSPACE.BO
EMBASSY,Embassy Office Parks REIT,INE041025011,REIT,EMBASSY.BO
INDIGRID,India Grid Trust,INE219X23014,InvIT,INDIGRID.BO
IRBINVIT,IRB InvIT Fund,INE183W23014,InvIT,IRBINVIT.BO
PGINVIT,POWERGRID Infrastructure Investment Trust,INE0GGX23010,InvIT,PGINVIT.BO
NXST,Nexus Select Trust,,REIT,NXST.BO
KRT,Knowledge Realty Trust,,REIT,KRT.BO
INDUSINVIT,Indus Infra Trust,,InvIT,INDUSINVIT.BO
