SYMBOL,NAME,ISIN,UNDERLYING,KIND
NIFTYBEES,Nippon India ETF Nifty 50 BeES,INF204KB14I2,Nifty 50,EQUITY
JUNIORBEES,Nippon India ETF Nifty Next 50 Junior BeES,INF732E01045,Nippon India ETF Nifty Next 50 Junior BeES,EQUITY
LIQUIDBEES,Nippon India ETF Nifty 1D Rate Liquid BeES,INF732E01037,Government Securities,DEBT
BANKBEES,Nippon India ETF Nifty Bank BeES,INF204KB15I9,Nifty Bank,EQUITY
GOLDBEES,Nippon India ETF Gold BeES,INF204KB17I5,Gold,COMMODITY
GOLDBETA,UTIAMC-UTIGOLDBETA,INF789F1AUX7,Gold,COMMODITY
GOLD1,KOTAK GOLD ETF,INF174KA1HJ8,Gold,COMMODITY
PSUBNKBEES,Nippon India ETF Nifty PSU Bank BeES,INF204KB16I7,Nifty PSU Bank,EQUITY
PSUBANK,Kotak Nifty PSU Bank ETF,INF174KA1A86,Nifty PSU Bank,EQUITY
QGOLDHALF,Quantum Gold Exchange Traded Scheme,INF082J01408,Gold,COMMODITY
QNIFTY,Quantum Nifty 50 ETF,INF082J01499,Nifty 50,EQUITY
SHARIABEES,Nippon India ETF Nifty 50 Shariah BeES,INF732E01128,Shariah,EQUITY
SETFGOLD,SBI Gold ETF,INF200KA16D8,Gold,COMMODITY
NIFTY1,Kotak Nifty 50 ETF,INF174K014P6,Nifty 50,EQUITY
HNGSNGBEES,Nippon India ETF Hang Seng BeES,INF204KB19I1,Hang Seng Index,GLOBAL INDICES
IVZINGOLD,Invesco India Gold ETF,INF205KA1BP1,Gold,COMMODITY
MOM50,Motilal Oswal M50 ETF,INF247L01536,Nifty 50,EQUITY
HDFCGOLD,HDFC GOLD ETF,INF179KC1981,Gold,COMMODITY
GOLDIETF,ICICI PRUDENTIAL GOLD ETF,INF109KC1NT3,Gold,COMMODITY
INFRABEES,Nippon India ETF Nifty Infrastructure BeES,INF732E01268,Nifty Infra,EQUITY
GOLDAXIS,Axis Gold Exchange Traded Fund,INF846K01W80,Gold,COMMODITY
MOM100,Motilal Oswal Nifty Midcap 100 ETF,INF247L01023,Nifty Midcap 100,EQUITY
MON100,Motilal Oswal NASDAQ 100 ETF,INF247L01AP3,Nasdaq100,GLOBAL INDICES
BSLGOLDETF,Aditya Birla Sun Life Gold ETF,INF209KB18D3,Gold,COMMODITY
IVZINNIFTY,Invesco India Nifty 50 ETF,INF205KA1CC7,Nifty 50,EQUITY
BSLNIFTY,Aditya Birla Sun Life Nifty 50 ETF,INF209KB19D1,Nifty 50,EQUITY
LICMFGOLD,LIC MF Gold ETF,INF767K01SM1,Gold,COMMODITY
NIFTYIETF,ICICI Prudential Nifty 50 ETF,INF109K012R6,Nifty 50,EQUITY
NIF100BEES,Nippon India ETF Nifty 100,INF204K014N5,Nifty 100 TRI,EQUITY
NIF100IETF,ICICI Prudential Nifty 100 ETF,INF109KC16V9,Nifty 100,EQUITY
CPSEETF,CPSE ETF,INF457M01133,CPSE ETF,EQUITY
CONSUMBEES,Nippon India Mutual Fund - Nippon India ETF Nifty India Consumption,INF204KA1LD7,Nifty India Consumption TRI,EQUITY
DIVOPPBEES,Nippon India Mutual Fund - Nippon India ETF Nifty Dividend Opportunities 50,INF204KA1MS3,Nifty Dividend Opportunities 50 TRI,EQUITY
SENSEXIETF,ICICI PRUD SENSEX ETF,INF346A01034,SENSEX,EQUITY
BANKNIFTY1,Kotak Nifty Bank ETF,INF174KA1ZB7,Nifty Bank,EQUITY
LICNETFGSC,LIC MF Nifty 8-13 yr G-SEC ETF,INF767K01MV5,Nifty 8-13 Yr Gsec,DEBT
SETFNIFBK,SBI Nifty Bank ETF,INF200KA1580,Nifty Bank,EQUITY
SETFNN50,SBI Nifty Next 50 ETF,INF200KA1598,Nifty Next 50,EQUITY
NV20BEES,Nippon India ETF Nifty 50 Value 20,INF204KB18I3,Nifty50 Value20 TRI,EQUITY
SETFNIF50,SBI Nifty 50 ETF,INF200KA1FS1,Nifty 50,EQUITY
NIFTYBETA,UTIAMC-NIFTYBETA,INF789F1AZC0,Nifty 50,EQUITY
SENSEXBETA,UTIAMC-SENSEXBETA,INF789FB1X58,SENSEX,EQUITY
LICNETFN50,LIC MF Nifty 50 ETF,INF767K01OS7,Nifty 50,EQUITY
LICNETFSEN,LIC MF BSE Sensex ETF,INF767K01OT5,SENSEX,EQUITY
NV20,NIFTY50 VALUE 20,INF174KA1ZE1,Nifty50 Value 20,EQUITY
HDFCNIFTY,HDFCAMC - HDFCNIFTY,INF179KC1965,Nifty 50,EQUITY
HDFCSENSEX,HDFC Mutual Fund - HDFC Sensex ETF,INF179KC1HX2,SENSEX,EQUITY
LICNFNHGP,LIC MF Nifty 100 ETF,INF767K01PC8,Nifty 100,EQUITY
SETF10GILT,SBI Nifty 10 yr Benchmark G-Sec ETF,INF200KA1JT1,Nifty 10 yr Benchmark G-Sec Index,DEBT
NV20IETF,ICICI PRUDENTIAL NV20 ETF,INF109KC11V0,Nifty50 Value 20,EQUITY
MIDSELIETF,ICICI PRUD MIDCAP SEL ETF,INF109KC10W0,S&P BSE Midcap Select Index,EQUITY
LTGILTBEES,Nippon India Mutual Fund - Nippon India ETF Nifty 8-13 yr G-Sec Long Term Gilt,INF204KB1882,NIFTY 8-13 yr G-Sec Index,DEBT
IDFNIFTYET,Bandhan Nifty 50 ETF,INF194KA1U07,Nifty 50,EQUITY
NIFTYAXIS,Axis NIFTY 50 ETF,INF846K01W98,Nifty 50,EQUITY
LOWVOLIETF,ICICI PR NIF LW VL 30 ETF,INF109KC19U5,Nifty 100 Low Volatility 30 Index,EQUITY
NEXT50BETA,UTIAMC-NEXT50BETA,INF789F1AUW9,Nifty Next 50,EQUITY
ICICIB22,BHARAT 22 ETF,INF109KB15Y7,S&P BSE BHARAT 22 index,EQUITY
LIQUIDETF,DSP NIFTY 1D Rate Liquid ETF,INF740KA1EU7,Nifty1D rate index,DEBT
BSE500IETF,ICICIPRAMC - ICICI500,INF109KC1V59,S&P BSE 500 index,EQUITY
NEXT50IETF,ICICIPRAMC - ICICINXT50,INF109KC1NS5,Nifty Next 50,EQUITY
LIQUIDIETF,ICICIPRAMC - ICICILIQ,INF109KC1KT9,S&P BSE Liquid Rate Index,DEBT
NIFTYETF,Mirae Asset Nifty 50 ETF,INF769K01EG9,Nifty 50,EQUITY
SBIETFQLTY,SBI NIFTY 200 Quality 30 ETF,INF200KA1WX6,Nifty 200 Quality 30 Index,EQUITY
ABSLNN50ET,Aditya Birla Sun Life Nifty Next 50 ETF,INF209KB16D7,Nifty Next 50,EQUITY
NETF,Tata Nifty 50 ETF,INF277K015R5,Tata Nifty 50 Exchange Traded Fund,EQUITY
MID150BEES,Nippon India ETF Nifty Midcap 150,INF204KB1V68,Nifty Midcap 150 TRI,EQUITY
SNXT50BETA,UTIAMC-SNXT50BETA,INF789F1AUU3,BSE Sensex Next 50,EQUITY
BANKIETF,ICICI Prudential Nifty Bank ETF,INF109KC15I8,Nifty Bank,EQUITY
PVTBANIETF,ICICIPRAMC - ICICIBANKP,INF109KC18U7,Nifty Private Bank Index,EQUITY
NPBET,Tata Nifty Private Bank ETF,INF277K010X4,Nifty Private Bank Index,EQUITY
ABSLBANETF,Aditya Birla Sun Life Nifty Bank ETF,INF209KB17D5,Nifty Bank,EQUITY
EBBETF0430,BHARAT Bond ETF April 2030,INF754K01KO2,Nifty BHARAT Bond,DEBT
MIDCAPIETF,ICICIPRAMC - ICICIM150,INF109KC11W8,Nifty Midcap 150,EQUITY
NEXT50,MIRAEAMC - MANXT50,INF769K01FN2,Nifty Next 50,EQUITY
ITBEES,Nippon India ETF Nifty IT,INF204KB15V2,Nifty IT TRI,EQUITY
EBBETF0431,"Edelweiss Amc Ltd - Edelweiss Mutual Fund - Edelweiss Bharat Bond Exchange Traded Fund, April 2031",INF754K01LE1,Nifty BHARAT Bond,DEBT
ALPL30IETF,ICICIPRAMC - ICICIALPLV,INF109KC17V7,Nifty Alpha Low-Volatility 30 Index,EQUITY
ITIETF,ICICIPRAMC - ICICITECH,INF109KC16I6,Nifty IT Index,EQUITY
HDFCNIFBAN,HDFC Nifty Bank ETF - Growth,INF179KC1HY0,Nifty Bank,EQUITY
BANKBETA,UTIAMC-BANKBETA,INF789F1AUV1,Nifty Bank,EQUITY
SBIETFIT,SBI Nifty IT ETF,INF200KA1S14,Nifty IT Index,EQUITY
SBIETFPB,SBI Nifty Private Bank ETF,INF200KA1S22,Nifty Private Bank Index,EQUITY
BNKETFAXIS,Axis NIFTY Bank ETF,INF846K01X63,Nifty Bank,EQUITY
ESG,MIRAEAMC - MAESGETF,INF769K01GS9,NIFTY100 ESG SECTOR LEADERS,EQUITY
MOGSEC,Motilal Oswal Nifty 5 year Benchmark G-Sec ETF,INF247L01AK4,Nifty 5 yr Benchmark G-Sec Index,DEBT
IT,Kotak Nifty IT ETF,INF174KA1GC5,NIFTY IT Index,EQUITY
ITAXIS,Axis NIFTY IT ETF,INF846K01Y96,NIFTY IT Index,EQUITY
GILT5YBEES,Nippon India ETF Nifty 5 Yr Benchmark G-Sec,INF204KC1030,Nifty 5 yr Benchmark G-Sec Index,DEBT
MAFANG,Mirae Asset NYSE FANG+ETF,INF769K01HF4,NYSE FANG+ Total Return Index,GLOBAL INDICES
HEALTHAXIS,Axis NIFTY Healthcare ETF,INF846K01Z12,Nifty Healthcare Index,EQUITY
HEALTHIETF,ICICIPRAMC - ICICIPHARM,INF109KC1Q72,Nifty Healthcare Index,EQUITY
PHARMABEES,Nippon Life India Asset Management Ltd. - Nippon India Mutual Fund - Nippon India Nifty Pharma ETF,INF204KC1089,Nifty Pharma TRI,EQUITY
SBIETFCON,SBI Nifty Consumption ETF,INF200KA1X17,Nifty India Consumption Index,EQUITY
BFSI,MIRAEAMC - MAFSETF,INF769K01HI8,Nifty Financial Services Index,EQUITY
FMCGIETF,ICICIPRAMC - ICICIFMCG,INF109KC19V3,Nifty FMCG Index,EQUITY
CONSUMAXIS,Axis NIFTY India Consumption ETF,INF846K016C7,NIFTY India Consumption Index,EQUITY
MASPTOP50,Mirae Asset S&P 500 Top 50 ETF,INF769K01HP3,S&P 500 Top 50 Total Return Index,GLOBAL INDICES
BSLSENETFG,Aditya Birla Sun Life S&P BSE Sensex ETF,INF209KB10E8,BSE SENSEX Index,EQUITY
HEALTHY,Aditya Birla Sun Life Nifty Healthcare ETF,INF209KB10C2,Nifty Healthcare TRI,EQUITY
CONSUMIETF,ICICI Prudential Nifty India Consumption ETF,INF109KC1V42,Nifty India Consumption Index,EQUITY
TECH,Aditya Birla Sun Life Nifty IT ETF,INF209KB11D8,Nifty IT TRI Index,EQUITY
EQUAL50ADD,DSP Nifty 50 Equal Weight ETF,INF740KA1QK2,NIFTY 50 Equal Weight Index,EQUITY
MAHKTECH,Mirae Asset Hang Seng TECH ETF,INF769K01HS7,Hang Seng TECH Total Return Index,GLOBAL INDICES
BBETF0432,BHARAT Bond ETF April 2032,INF754K01OB1,Nifty BHARAT Bond Index - April 2032,DEBT
ALPHA,Kotak Nifty Alpha 50 ETF,INF174KA1IA5,NIFTY Alpha 50 Index,EQUITY
MONQ50,Motilal Oswal Nasdaq Q 50 ETF,INF247L01AU3,Nasdaq Q-50 Total Return Index,GLOBAL INDICES
NIFTYADD,DSPAMC - DSPNIFTY,INF740KA1CL0,Nifty 50 Index,EQUITY
MIDQ50ADD,DSP Nifty Midcap 150 Quality 50 ETF,INF740KA1ZF3,Nifty Midcap 150 Quality 50 Index,EQUITY
AUTOIETF,ICICI Prudential Nifty Auto ETF,INF109KC10V2,Nifty Auto Index,EQUITY
AUTOBEES,Nippon India Nifty Auto ETF,INF204KC1337,Nifty Auto TRI,EQUITY
SILVERIETF,ICICI Prudential Silver ETF,INF109KC1Y56,Domestic Price of Silver,COMMODITY
MAKEINDIA,MIRAEAMC - MAMFGETF,INF769K01IB1,Nifty India Manufacturing Total Return Index,EQUITY
SILVER,Aditya Birla Sun Life Silver ETF,INF209KB19F6,Physical price of Silver,COMMODITY
MIDCAP,Kotak Nifty Midcap 50 ETF,INF174KA1ZC5,Nifty Midcap 50 Index,EQUITY
SILVERBEES,Nippon India Silver ETF,INF204KC1402,Domestic price of Silver- based on LBMA Silver daily spot fixing price,COMMODITY
MOMOMENTUM,Motilal Oswal Nifty 200 Momentum 30 ETF,INF247L01BK2,Nifty 200 Momentum 30 Total Return Index,EQUITY
GSEC5IETF,ICICI Prudential Nifty 5 Yr Bench G-SEC ETF,INF109KC14A8,Nifty 5 yr Benchmark G-Sec Index,DEBT
MIDCAPETF,MIRAEAMC - MAM150ETF,INF769K01IC9,Mirae Asset Mutual Fund - Mirae Asset Nifty Midcap 150 ETF,EQUITY
LOWVOL1,Kotak Nifty 100 Low Volatality 30 ETF,INF174KA1IY5,Kotak Nifty 100 Low Vol 30 ETF,EQUITY
MOLOWVOL,Motilal Oswal BSE Low Volatility ETF,INF247L01BL0,Nifty Midcap 100 TRI,EQUITY
TNIDETF,Tata Nifty India Digital ETF,INF277KA1364,Nifty India Digital Index,EQUITY
MOHEALTH,Motilal Oswal BSE Healthcare ETF,INF247L01BB1,Motilal Oswal S&P BSE Healthcare ETF,EQUITY
CONS,Kotak NIFTY India Consumption ETF,INF174KA1ZF8,Kotak Nifty India Consumption ETF,EQUITY
MOM30IETF,ICICIPRAMC - ICICIMOM30,INF109KC17C7,ICICI Prudential Nifty 200 Momentum 30 ETF,EQUITY
HDFCNEXT50,HDFC Nifty Next 50 ETF,INF179KC1HS2,HDFC NIFTY NEXT 50 ETF,EQUITY
HDFCNIF100,HDFC Nifty 100 ETF,INF179KC1HR4,HDFC NIFTY 100 ETF,EQUITY
MNC,Kotak Nifty MNC ETF,INF174KA1JF2,Kotak Nifty MNC ETF,EQUITY
MOMENTUM,Aditya Birla Sun Life Nifty 200 Momentum 30 ETF,INF209KB14K7,Aditya Birla Sun Life Nifty 200 Momentum 30 ETF,EQUITY
NIFTYQLITY,Aditya Birla Sun Life Nifty 200 Quality 30 ETF,INF209KB15K4,Aditya Birla Sun Life Nifty 200 Quality 30 ETF,EQUITY
INFRAIETF,ICICIPRAMC - ICICIINFRA,INF109KC16E5,ICICI Prudential Nifty Infrastructure ETF,EQUITY
SILVERADD,DSPAMC - DSPSILVETF,INF740KA1ZQ0,DSP Silver ETF,COMMODITY
MOQUALITY,Motilal Oswal BSE Quality ETF,INF247L01BH8,Motilal Oswal S&P BSE Quality ETF,EQUITY
MOVALUE,Motilal Oswal BSE Enhanced Value ETF,INF247L01BE5,Motilal Oswal S&P BSE Enhanced Value ETF,EQUITY
HDFCSILVER,HDFC Silver ETF,INF179KC1DI2,HDFC Silver ETF,COMMODITY
SILVERAXIS,Axis Silver ETF,INF846K011K1,Axis Silver ETF,COMMODITY
HDFCVALUE,HDFC NIFTY50 Value 20 ETF,INF179KC1DK8,HDFC NIFTY50 Value 20 ETF,EQUITY
HDFCGROWTH,HDFC NIFTY Growth Sectors 15 ETF,INF179KC1DJ0,HDFC NIFTY Growth Sectors 15 ETF,EQUITY
HDFCQUAL,HDFC NIFTY100 Quality 30 ETF,INF179KC1DL6,HDFC NIFTY100 Quality 30 ETF,EQUITY
HDFCLOWVOL,HDFC NIFTY100 Low Volatility 30 ETF,INF179KC1HU8,HDFC NIFTY100 Low Volatility 30 ETF,EQUITY
HDFCMOMENT,HDFC NIFTY200 Momentum 30 ETF,INF179KC1HV6,HDFC NIFTY200 Momentum 30 ETF,EQUITY
HDFCNIFIT,HDFC Nifty IT ETF,INF179KC1IA8,HDFC NIFTY IT ETF,EQUITY
HDFCPVTBAN,HDFC Nifty Private Bank ETF,INF179KC1HZ7,HDFC NIFTY Private Bank ETF,EQUITY
FINIETF,ICICI Prudential Nifty Financial Services Ex-Bank ETF,INF109KC17L8,ICICI Prudential Nifty Financial Services Ex-Bank ETF,EQUITY
SILVER1,Kotak Silver ETF,INF174KA1ZD3,Kotak Silver ETF,COMMODITY
GSEC10IETF,ICICI Prudential Nifty 10 yr Benchmark G-Sec ETF,INF109KC18O0,ICICI Prudential Nifty 10 yr Benchmark G-Sec ETF,DEBT
EBBETF0433,BHARAT Bond ETF - April 2033,INF754K01QX0,BHARAT Bond ETF-April 2033,DEBT
COMMOIETF,ICICIPRAMC - ICICICOMMO,INF109KC19O8,ICICI Prudential Nifty Commodities ETF,EQUITY
BANKADD,DSPAMC - DSPBANK,INF740KA1RX3,DSP Nifty Bank ETF,EQUITY
LIQUID1,Kotak Mahindra Mutual Fund - Kotak Nifty 1d Rate Liquid Etf,INF174KA1LV5,Kotak Nifty 1D Rate Liquid ETF,DEBT
HDFCSML250,HDFC Nifty Smallcap 250 ETF,INF179KC1FB2,HDFC NIFTY Smallcap 250 ETF,EQUITY
HDFCMID150,HDFC NIFTY Midcap 150 ETF,INF179KC1HT0,HDFC NIFTY Midcap 150 ETF,EQUITY
HDFCBSE500,HDFC BSE 500 ETF,INF179KC1EZ4,HDFC S&P BSE 500 ETF,EQUITY
GOLDETF,Mirae Asset Gold ETF,INF769K01JP9,Mirae Asset Gold ETF,COMMODITY
ABSLLIQUID,Aditya BSL CRISIL Liquid Ovrnght ETF,INF209KB18T9,Aditya Birla Sun Life CRISIL Overnight Fund AI ETF,DEBT
PSUBNKIETF,ICICIPRAMC - PSUBANKICI,INF109KC10S8,ICICI Prudential Nifty PSU Bank ETF,EQUITY
SENSEXAXIS,AXISAMC-SENSEXAXIS,INF846K010Q0,AXIS S&P BSE SENSEX ETF,EQUITY
LOWVOL,Mirae Asset Nifty 100 Low Volatility 30 ETF,INF769K01JU9,Mirae Asset Nifty 100 Low Volatility 30 ETF,EQUITY
GSEC10YEAR,Mirae Asset Nifty 8-13 yr G-Sec ETF,INF769K01KF8,Mirae Asset Nifty 8-13 yr G-Sec ETF,DEBT
SILVERBETA,UTIAMC-SILVERBETA,INF789F1AYK6,UTI Silver Exchange Traded Fund (UTI Silver ETF),COMMODITY
GOLDADD,DSPAMC - DSPGOLD,INF740KA1ZP2,DSP Gold ETF,COMMODITY
SILVERAG,MIRAEAMC - MASILVER,INF769K01KG6,Mirae Asset Silver ETF,COMMODITY
ITADD,DSPAMC - DSPIT,INF740KA1SX1,DSP Nifty IT ETF,EQUITY
BANKETF,Mirae Asset Nifty Bank ETF,INF769K01KR3,Mirae Asset Nifty Bank ETF,EQUITY
LIQUID,Mirae Asset Nifty 1D Rate Liquid ETF-IDCW,INF769K01KS1,Mirae Asset Nifty 1D Rate Liquid ETF,DEBT
PVTBANKADD,DSPAMC - DSPPVBKETF,INF740KA1TA7,DSP Nifty Private Bank ETF,EQUITY
PSUBANKADD,DSPAMC - DSPPSBKETF,INF740KA1SY9,DSP Nifty PSU Bank ETF,EQUITY
SENSEXADD,DSPAMC - DSPSENXETF,INF740KA1SZ6,DSP S&P BSE Sensex ETF,EQUITY
QUAL30IETF,ICICIPRAMC - ICICIQTY30,INF109KC18V5,ICICI Prudential Nifty 200 Quality 30 ETF,EQUITY
HDFCLIQUID,HDFC Nifty 1D Rate Liquid ETF - Growth,INF179KC1JG3,HDFC Nifty 1D Rate Liquid ETF,DEBT
MIDCAPBETA,UTIAMC-MIDCAPBETA,INF789F1AYX9,UTI Nifty Midcap 150 Exchange Traded Fund (ETF),EQUITY
SENSEXETF,Mirae Asset BSE Sensex ETF,INF769K01KT9,Mirae Asset S&P BSE Sensex ETF,EQUITY
MONIFTY500,Motilal Oswal Nifty 500 ETF,INF247L01BU1,Motilal Oswal Nifty 500 ETF,EQUITY
ITETF,Mirae Asset Nifty IT ETF,INF769K01KV5,Mirae Asset Nifty IT ETF,EQUITY
ALPHAETF,Mirae Asset Nifty 200 Alpha 30 ETF,INF769K01KU7,Mirae Asset Nifty 200 Alpha 30 ETF,EQUITY
LIQUIDSBI,SBI NIFTY 1D Rate Liquid ETF - IDCW,INF200KA13Z8,SBI NIFTY 1D Rate ETF,DEBT
EGOLD,Edelweiss Gold ETF,INF754K01SE6,Edelweiss Gold ETF,COMMODITY
ESILVER,Edelweiss Silver ETF,INF754K01SF3,Edelweiss Silver ETF,COMMODITY
BBNPPGOLD,Baroda BNP Paribas Gold ETF,INF251K01SU9,Baroda BNP Paribas Gold ETF,COMMODITY
TATSILV,Tata Silver ETF,INF277KA1984,Tata Silver Exchange Traded Fund,COMMODITY
TATAGOLD,Tata Gold ETF,INF277KA1976,Tata Gold Exchange Traded Fund,COMMODITY
LIQUIDCASE,Zerodha Nifty 1D Rate Liquid ETF,INF0R8F01034,Zerodha Nifty 1D Rate Liquid ETF,DEBT
NIFTYBETF,Bajaj Nifty 50 ETF,INF0QA701722,Bajaj Finserv Nifty 50 ETF,EQUITY
BANKBETF,Bajaj Nifty Bank ETF,INF0QA701714,Bajaj Finserv Nifty Bank ETF,EQUITY
ITBETA,UTI Nifty IT ETF,INF789F1AZD8,UTI Nifty IT ETF,EQUITY
GILT10BETA,UTIAMC-GILT10BETA,INF789F1AZF3,UTI Nifty 10 yr Benchmark G-Sec ETF,DEBT
GILT5BETA,UTIAMC-GILT5BETA,INF789F1AZE6,UTI Nifty 5 yr Benchmark G-Sec ETF,DEBT
HEALTHADD,DSP Nifty Healthcare ETF,INF740KA1ZG1,DSP Nifty Healthcare ETF,EQUITY
HDFCPSUBK,HDFC Nifty PSU Bank ETF,INF179KC1HW4,HDFC NIFTY PSU BANK ETF,EQUITY
LICNMID100,LIC MF Nifty Midcap 100 ETF,INF767K01RN1,LIC MF Nifty Midcap 100 ETF,EQUITY
SMALLCAP,Mirae Asset Nifty Smallcap 250 Momentum Quality 100 ETF,INF769K01LC3,Mirae Asset Nifty Smallcap 250 Momentum Quality 100 ETF,EQUITY
GOLDCASE,Zerodha Gold ETF,INF0R8F01042,Zerodha Gold ETF,COMMODITY
MOREALTY,Motilal Oswal Nifty Realty ETF,INF247L01CI4,Motilal Oswal Nifty Realty ETF,EQUITY
MOSMALL250,Motilal Oswal Nifty Smallcap 250 ETF,INF247L01CH6,Motilal Oswal Nifty Smallcap 250 ETF,EQUITY
LIQUIDADD,DSP S&P BSE Liquid Rate ETF,INF740KA1UM0,DSP S&P BSE Liquid Rate ETF,DEBT
ABSLPSE,Aditya Birla Sun Life Nifty PSE ETF,INF209KB19Z4,Aditya Birla Sun Life Nifty PSE ETF,EQUITY
MIDSMALL,Mirae Asset Nifty MidSmallcap400 Momentum Quality 100 ETF,INF769K01LJ8,Mirae Asset Nifty MidSmallcap400 Momentum Quality 100 ETF,EQUITY
LIQUIDBETF,Bajaj Nifty 1D Rate Liquid ETF - Growth,INF0QA701854,Bajaj Finserv Nifty 1D Rate Liquid ETF - Growth,DEBT
TOP100CASE,Zerodha Nifty 100 ETF,INF0R8F01067,Zerodha Nifty 100 ETF,EQUITY
MID150CASE,Zerodha Nifty Midcap 150 ETF,INF0R8F01059,Zerodha Nifty Midcap 150 ETF,EQUITY
BBNPNBETF,Baroda BNP Paribas NIFTY Bank ETF,INF251K01TL6,Baroda BNP Paribas NIFTY Bank ETF,EQUITY
SBISILVER,SBI Silver ETF,INF200KB1217,SBI SILVER ETF,COMMODITY
LIQUIDSHRI,Shriram Nifty 1D Rate Liquid ETF,INF680P01422,SHRIRAM NIFTY 1D RATE LIQUID ETF,DEBT
ABGSEC,Aditya Birla Sun Life CRISIL Broad Based Gilt ETF,INF209KC1134,Aditya Birla Sun Life CRISIL Broad Based Gilt ETF,DEBT
EVINDIA,Mirae Asset Nifty EV and New Age Automotive ETF,INF769K01LQ3,Nifty EV and New Age Automotive Total Return Index,EQUITY
SBINEQWETF,SBI Nifty50 Equal Weight ETF,INF200KB1282,Nifty50 Equal Weight,EQUITY
OILIETF,ICICI Prudential Nifty Oil & Gas ETF,INF109KC18W3,Nifty Oil & Gas Index,EQUITY
GROWWEV,Groww Nifty EV & New Age Automotive ETF,INF666M01IH2,Nifty EV and New Age Automotive Index,EQUITY
GSEC10ABSL,Aditya BSL CRISIL 10 Year Gilt ETF,INF209KC1142,CRISIL 10 Year Gilt ETF,DEBT
METALIETF,ICICI Prudential Nifty Metal ETF,INF109KC19W1,Nifty Metal Index,EQUITY
MODEFENCE,Motilal Oswal Nifty India Defence ETF,INF247L01DJ0,Nifty India Defence Total Return Index,EQUITY
MULTICAP,Mirae Asset Nifty500 Multicap 50:25:25 ETF,INF769K01LX9,Nifty500 Multicap 50:25:25 Index,EQUITY
TOP10ADD,DSP Nifty Top 10 Equal Weight ETF,INF740KA1UR9,Nifty Top 10 Equal Weight Index,EQUITY
EBANKNIFTY,Edelweiss Nifty Bank ETF,INF754K01TE4,Edelweiss Nifty Bank ETF,EQUITY
GROWWLIQID,Groww Nifty 1D Rate Liquid ETF,INF666M01IP5,Nifty 1D Rate Index,DEBT
MOMENTUM50,Motilal Oswal Nifty 500 Momentum 50 ETF,INF247L01DK8,Nifty 500 Momentum 50 Total Return Index,EQUITY
BANKPSU,Mirae Asset Nifty PSU Bank ETF,INF769K01LZ4,Nifty PSU Bank Total Return Index,EQUITY
METAL,Mirae Asset Nifty Metal ETF,INF769K01LY7,Nifty Metal Total Return Index,EQUITY
GROWWDEFNC,Groww Nifty India Defence ETF,INF666M01IO8,Nifty India Defence Index- Total Return Index,EQUITY
VAL30IETF,ICICI Prudential Nifty200 Value 30 ETF,INF109KC16X5,Nifty200 Value 30 Index,EQUITY
GROWWGOLD,Groww Gold ETF,INF666M01OE7,Commodity,COMMODITY
EMULTIMQ,Edelweiss Nifty500 Multicap Momentum Quality 50 ETF,INF754K01TF1,Nifty500 Multicap Momentum Quality 50 Total Return Index,EQUITY
LIQUIDPLUS,Mirae Asset Nifty 1D Rate Liquid ETF-Growth,INF769K01MY5,Nifty 1D Rate Index,DEBT
CONSUMER,Mirae Asset Nifty India New Age Consumption ETF,INF769K01NS5,Nifty India New AgeConsumption,EQUITY
ECAPINSURE,Edelweiss BSE Capital Markets & Insurance ETF,INF754K01TX4,BSE Capital Markets & Insurance Total Return Index,EQUITY
NEXT30ADD,DSP BSE Sensex Next 30 ETF,INF740KA1VE5,BSE SENSEX Next 30 Index,EQUITY
GROWWRAIL,Groww Nifty India Railways PSU ETF,INF666M01JJ6,Nifty India Railways PSU Index,EQUITY
UNIONGOLD,Union Gold ETF,INF582M01KS4,Commodity Gold,COMMODITY
MSCIINDIA,Kotak MSCI India ETF,INF174KA1VD2,MSCI India Index,EQUITY
GROWWN200,Groww Nifty 200 ETF,INF666M01JV1,Nifty 200 Index- Total Return Index,EQUITY
NIFTY100EW,Kotak Nifty 100 Equal Weight ETF,INF174KA1UW4,Nifty 100 Equal Weight Index,EQUITY
AONETOTAL,Angel One Nifty Total Market ETF,INF1J2R01015,Nifty Total Market Index,EQUITY
MOCAPITAL,Motilal Oswal Nifty Capital Market ETF,INF247L01EV3,Nifty Capital Market Total Return Index,EQUITY
GOLD360,360 ONE Gold ETF,INF579M01BB5,Commodity-Gold,COMMODITY
SELECTIPO,Mirae Asset BSE Select IPO ETF,INF769K01ON4,BSE Select IPO Index,EQUITY
EQUAL200,Mirae Asset BSE 200 Equal Weight ETF,INF769K01OA1,BSE 200 Equal Weight,EQUITY
CASHIETF,ICICI Prudential BSE Liquid Rate ETF - Growth,INF109K1A021,BSE Liquid Rate Index,DEBT
VALUEAXIS,Axis Nifty500 Value 50 ETF,INF846KA1119,Nifty500 Value 50 TRI,EQUITY
SILVERCASE,Zerodha Silver ETF,INF0R8F01091,Commodity-Silver,COMMODITY
SBIBPB,SBI BSE PSU Bank ETF,INF200KB1712,BSE PSU Bank Index TRI,EQUITY
MID150,Kotak Nifty Midcap 150 ETF,INF174KA1VW2,Nifty Midcap 150 Index,EQUITY
AONELIQUID,Angel One Nifty 1D Rate Liquid ETF - Growth,INF1J2R01056,Nifty 1D Rate Index,DEBT
SILVER360,360 ONE Silver ETF,INF579M01BC3,Commodity-Silver,COMMODITY
EVIETF,ICICI Prudential Nifty EV & New Age Automotive ETF,INF109K1A153,Nifty EV & New Age Automotive ETF,EQUITY
GROWWMOM50,Groww Nifty 500 Momentum 50 ETF,INF666M01KJ4,Nifty 500 Momentum 50 Index- Total Return Index,EQUITY
MON50EQUAL,Motilal Oswal Nifty 50 Equal Weight ETF,INF247L01FC0,Nifty 50 Equal Weight Total Return Index,EQUITY
MONEXT50,Motilal Oswal Nifty Next 50 ETF,INF247L01FD8,Nifty Next 50 Total Return Index,EQUITY
EQUAL50,Mirae Asset Nifty 50 Equal Weight ETF,INF769K01OO2,Nifty50 Equal Weight,EQUITY
MOINFRA,Motilal Oswal BSE India Infrastructure ETF,INF247L01FL1,BSE India Infrastructure Total Return Index,EQUITY
GROWWSLVR,Groww Silver ETF,INF666M01OF4,Commodity-Silver,COMMODITY
AONENIFTY,Angel One Nifty 50 ETF,INF1J2R01064,Nifty 50 Index,EQUITY
MOMGF,Motilal Oswal Nifty India Manufacturing ETF,INF247L01FK3,Nifty India Manufacturing Total Return Index,EQUITY
MOPSE,Motilal Oswal Nifty PSE ETF,INF247L01FO5,Nifty PSE Total Return Index,EQUITY
MOTOUR,Motilal Oswal Nifty India Tourism ETF,INF247L01FP2,Nifty India Tourism Total Return Index,EQUITY
SNXT30BEES,Nippon India BSE Sensex Next 30 ETF,INF204KC1EZ3,BSE Sensex Next 30 Index,EQUITY
GROWWLOVOL,Groww Nifty 500 Low Volatility 50 ETF,INF666M01LB9,Nifty 500 Low Volatility 50 Index   TRI,EQUITY
TOP15IETF,ICICI Prudential Nifty Top 15 Equal Weight ETF,INF109K1A344,Nifty Top 15 Equal Weight Index,EQUITY
MOMIDMTM,Motilal Oswal Nifty Midcap150 Momentum 50 ETF,INF247L01FQ0,Nifty Midcap 150 Momentum 50 Total Return Index,EQUITY
GROWWNET,Groww Nifty India Internet ETF,INF666M01LI4,Index,EQUITY
INTERNET,Mirae Asset Nifty India Internet ETF,INF769K01PB6,Equity Index,EQUITY
MOALPHA50,Motilal Oswal Nifty Alpha 50 ETF,INF247L01FR8,Nifty Alpha 50 Total Return Index,EQUITY
QUALITY30,Kotak Nifty200 Quality 30 ETF,INF174KA1WT6,Nifty200 Quality 30 Index,EQUITY
GROWWNIFTY,Groww Nifty 50 ETF,INF666M01LL8,Nifty 50 Index - TRI,EQUITY
LIQGRWBEES,Nippon India Nifty 1D Rate Liquid ETF,INF204KC1FU1,Liquid,DEBT
MOGOLD,Motilal Oswal Gold ETF,INF247L01FY4,Domestic Price of Physical Gold,COMMODITY
GROWWPOWER,Groww BSE Power ETF,INF666M01LM6,BSE Power Index - TRI,EQUITY
SBILIQETF,SBI NIFTY 1D Rate Liquid ETF - Growth,INF200KB1969,Nifty 1D Rate Index,DEBT
MOSILVER,Motilal Oswal Silver ETF,INF247L01FZ1,Domestic Price of Physical Silver,COMMODITY
LTGILTCASE,Zerodha Nifty 8-13 Yr G-Sec ETF,INF0R8F01133,Nifty 8-13 Yr G-Sec Index,DEBT
GROWWNXT50,Groww Nifty Next 50 ETF,INF666M01LZ8,Index,EQUITY
MANUFGBEES,Nippon India Nifty India Manufacturing ETF,INF204KC1GH6,Nifty India Manufacturing TRI,EQUITY
ELM250,Edelweiss Nifty LargeMidcap 250 ETF,INF754K01VV4,Nifty LargeMidcap 250 TRI,EQUITY
AONEGOLD,Angel One Gold ETF,INF1J2R01114,Domestic price of Gold,COMMODITY
SML100CASE,Zerodha Nifty Smallcap 100 ETF,INF0R8F01141,Nifty Smallcap 100 Index,EQUITY
GROWWRLTY,Groww Nifty Realty ETF,INF666M01MN2,Index,EQUITY
ELIQUID,Edelweiss Nifty 1D Rate Liquid ETF - Growth,INF754K01VW2,Nifty 1D Rate Index (Debt Index),DEBT
FLEXIADD,DSP Nifty500 Flexicap Quality 30 ETF,INF740KA1WU9,Nifty500 Flexicap Quality 30 TRI,EQUITY
MONIFTY100,Motilal Oswal Nifty 100 ETF,INF247L01GG9,Nifty 100 Total Return Index,EQUITY
MOENERGY,Motilal Oswal Nifty Energy ETF,INF247L01GH7,Nifty Energy Index,EQUITY
MOMENTUM30,Kotak Nifty 200 Momentum 30 ETF,INF174KA1XS6,Nifty 200 Momentum 30 Index,EQUITY
NIFTYCASE,Zerodha Nifty 50 ETF,INF0R8F01166,Nifty Index 50 Index,EQUITY
GROWWSC250,Groww Nifty Smallcap 250 ETF,INF666M01MO0,Nifty Smallcap 250 Index - TRI,EQUITY
CHOICEGOLD,Choice Gold ETF,INF2KCX01012,Gold,COMMODITY
ENERGY,Mirae Asset Nifty Energy ETF,INF769K01PR2,Nifty Energy,EQUITY
SMALL250,Mirae Asset Nifty Smallcap 250 ETF,INF769K01PQ4,Nifty Smallcap 250,EQUITY
GROWWMC150,Groww Nifty Midcap 150 ETF,INF666M01MV5,Nifty Midcap 150 Index - TRI,EQUITY
CHEMICAL,Kotak Nifty Chemicals ETF,INF174KA1XV0,Nifty Chemicals Index (TRI),EQUITY
MOIPO,Motilal Oswal BSE Select IPO ETF,INF247L01GI5,BSE Select IPO Total Return Index,EQUITY
AONETMMQ50,ANGEL ONE NIFTY TOTAL MARKET MOMENTUM QUALITY 50 ETF,INF1J2R01148,Nifty Total Market Momentum Quality 50 TRI,EQUITY
ESENSEX,Edelweiss BSE Sensex ETF,INF754K01VY8,BSE Sensex TRI,EQUITY
ENIFTY,Edelweiss Nifty 50 ETF,INF754K01VX0,Nifty 50 TRI,EQUITY
MOSERVICE,Motilal Oswal Nifty Services Sector ETF,INF247L01GJ3,Nifty Services Sector Total Return Index,EQUITY
MSCIADD,DSP MSCI INDIA ETF,INF740KA1WV7,MSCI India Index,EQUITY
MOMNC,Motilal Oswal Nifty MNC ETF,INF247L01GK1,Nifty MNC ETF Total Return Index,EQUITY
GROWWCAPM,Groww Nifty Capital Markets ETF,INF666M01MM4,Nifty Capital Markets Index,EQUITY
GOLDBND,Bandhan Gold ETF,INF194KB1KJ7,Commodity - Gold,COMMODITY
SILVERBND,Bandhan Silver ETF,INF194KB1KI9,Commodity - Silver,COMMODITY
SMALLADD,DSP Nifty Smallcap 250 ETF,INF740KA1WX3,Nifty Smallcap 250 Index,EQUITY
MIDCAPADD,DSP Nifty Midcap 150 ETF,INF740KA1WW5,Nifty Midcap 150 Index,EQUITY
DIVIDEND,Mirae Asset BSE 500 Dividend Leaders 50 ETF,INF769K01PY8,BSE 500 Dividend Leaders,EQUITY
TOP20,Mirae Asset Nifty Top 20 Equal Weight ETF,INF769K01PZ5,Nifty Top 20 Equal Weight,EQUITY
GROWWMETAL,Groww Nifty Metal ETF,INF666M01NI0,Nifty Metal Index,EQUITY
TWCGOLDETF,The Wealth Company Gold ETF,INF2F0001370,Commodity,COMMODITY
NEXT50ADD,DSP Nifty Next 50 ETF,INF740KA1XU7,Nifty Next 50 TRI,EQUITY
NEXT50ETF,Kotak Nifty Next 50 ETF,INF174KA1YO3,Nifty Next 50 Index,EQUITY
GROWWCHEM,Groww Nifty Chemicals ETF,INF666M01NP5,Nifty Chemicals Index - TRI,EQUITY
GROWWPSE,Groww Nifty PSE ETF,INF666M01NQ3,Nifty PSE Index - TRI,EQUITY
HEALTHCARE,Mirae Asset Nifty 500 Healthcare ETF,INF769K01QA6,Nifty 500 Healthcare Index,EQUITY
INFRA,Mirae Asset Nifty India Infrastructure & Logistics ETF,INF769K01QB4,Nifty India Infrastructure & Logistics,EQUITY
DEFENCE,Mirae Asset BSE India Defence ETF,INF769K01QC2,BSE India Defence,EQUITY
ABSLMSCIN,Aditya Birla Sun Life MSCI India ETF,INF209KC1662,MSCI India Index,EQUITY
AONESILVER,ANGEL ONE SILVER ETF,INF1J2R01171,Domestic price of Silver,COMMODITY
ABSL10BANK,Aditya Birla Sun Life BSE Top 10 Banks ETF,INF209KC1670,BSE Top 10 Banks Index,EQUITY
GROWWHOSPI,Groww BSE Hospitals ETF,INF666M01OD9,BSE Hospitals Index,EQUITY
SBIMIDMOM,SBI Nifty Midcap 150 Momentum 50 ETF,INF200KB1AJ0,Nifty Midcap 150 Momentum 50 Index,EQUITY
BANK10ADD,DSP BSE Top 10 Banks ETF,INF740KA1YH2,BSE Top 10 Banks Index (TRI),EQUITY
HSBCGOLD,HSBC Gold ETF,INF336L01RX2,Commodity,COMMODITY
GROWWPSUBK,Groww Nifty PSU Bank ETF,INF666M01OG2,Nifty PSU Bank Index - TRI,EQUITY
VALUE,Mirae Asset Nifty 500 Value 50 ETF,INF769K01QV2,Nifty 500 Value 50,EQUITY
SBINMID150,SBI Nifty Midcap 150 ETF,INF200KB1AK8,Nifty Midcap 150 Index,EQUITY
MOBANK10,Motilal Oswal BSE Top 10 Banks ETF,INF247L01GV8,BSE Top 10 Banks Total Return Index,EQUITY
FMCGADD,DSP Nifty FMCG ETF,INF740KA1ZA4,Nifty FMCG Index (TRI),EQUITY
ENEXT50,Edelweiss Nifty Next 50 ETF,INF754K01XF3,Nifty Next 50 Total Return Index,EQUITY
SBISMLETF,SBI Nifty Smallcap 250 ETF,INF200KB1AY9,Nifty Smallcap 250 Index,EQUITY
SBIVALETF,SBI Nifty200 Value 30 ETF,INF200KB1AX1,Nifty200 Value 30 Index,EQUITY
PVTBKGROWW,Groww Nifty Private Bank ETF,INF666M01OT5,Nifty Private Bank Index - TRI,EQUITY
MSCI360,360 ONE MSCI India ETF,INF579M01BP5,MSCI India Index,EQUITY
SMALLGROWW,Groww Nifty Smallcap 250 Momentum Quality 100 ETF,INF666M01PG9,Nifty Smallcap 250 Momentum Quality 100 Index TRI,EQUITY
SMALLIETF,ICICI Prudential Nifty Smallcap 250 ETF,INF109K1A476,Nifty Smallcap 250 Index,EQUITY
LIQUIDBETA,UTI Nifty 1D Rate Liquid ETF - Growth,INF789F1AG68,Nifty 1D Rate Index,DEBT
BANK10BETF,Bajaj Finserv BSE Top 10 Banks ETF,INF0QA701CI0,Bajaj Finserv BSE Top 10 Banks ETF,EQUITY
MOMMIDCAP,Mirae Asset BSE Midcap 150 Momentum 30 ETF,INF769K01RC0,BSE Midcap 150 Momentum 30 TRI,EQUITY
PVTBANK,Kotak Nifty Private Bank ETF,INF174KA1A94,Nifty Private Bank,EQUITY
EMETAL,Edelweiss Nifty Metal ETF,INF754K01XG1,Nifty Metal Total Return Index,EQUITY
CEMNTGROWW,Groww Nifty Cements ETF,INF666M01PH7,Nifty Cements Index TRI,EQUITY
HDFCNIMEG,HDFC Nifty Metal ETF,INF179KC1KT4,Nifty Metal Index TRI,EQUITY
HYBRIDETF,Mirae Asset Nifty200 Momentum 30 Plus 8-13 yr G-Sec 50 50 ETF,INF769K01RJ5,Nifty200 Momentum 30 Plus 8-13 yr G-Sec 50:50 Total Return Index,Hybrid
INSUREIETF,ICICI Prudential BSE Insurance ETF,INF109K1A567,BSE Insurance Index,EQUITY
ELMDIV,Edelweiss BSE LargeMid (60:40) Stable Dividend 50 ETF,INF754K01XI7,Index (BSE LargeMid (60:40) Stable Dividend 50),EQUITY
EBANK10,Edelweiss BSE Top 10 Bank ETF,INF754K01XH9,BSE Top 10 Bank Total Return Index,EQUITY
MOOILGAS,Motilal Oswal Nifty Oil & Gas ETF,INF247L01HH5,Nifty Oil & Gas ETF Total Return Index,EQUITY
MOMETAL,Motilal Oswal Nifty Metal ETF,INF247L01HG7,Nifty Metal Index,EQUITY
MIDBANKADD,DSP BSE MidSmall Private Banks ETF,INF740KA1ZH9,BSE MidSmall Private Banks Index,EQUITY
GSEC10ADD,DSP NIFTY 10 YR BENCHMARK G-SEC ETF,INF740KA1ZI7,Nifty 10 yr Benchmark G-Sec,DEBT
LARGEMID50,Mirae Asset BSE LargeMid (60 40) Stable Dividend 50 ETF,INF769K01RK3,BSE LargeMid (60:40) Stable Dividend 50 TRI (Total Return Index),EQUITY
NIFTYJBLK,JioBlackRock Nifty 50 ETF,INF22M001184,INDEX,EQUITY
IVZBANKNF,Invesco India Nifty Bank ETF,INF205KA1CB9,Nifty Bank TRI,EQUITY
IVZSENSEX,Invesco India BSE Sensex ETF,INF205KA1CA1,BSE Sensex TRI,EQUITY
SILVER001,Quant Silver ETF,INF966L01EI5,Commodity - Silver,COMMODITY
NIF500BETA,UTIAMC - NIF500BETA,INF789F1AG76,Nifty 500,EQUITY
ENERGYAXIS,Axis Nifty Energy ETF,INF846KA1598,Nifty Energy,EQUITY
SECLEDBETA,UTI BSE India Sector Leaders Exchange Traded Fund,INF789F1AH42,BSE India Sector Leaders,EQUITY
